<!-- 事件 data 内容 根节点 -->
<event>
	<!-- 请求方APPID -->
	<appId>TEST</appId>
	<!-- 事件编号 -->
	<eventId>1011abcdefg1234567890</eventId>
	<!-- 数据集 -->
	<eventType>10</eventType>
	<!-- 数据子集 -->
	<subType>1011</subType>
	<!-- 时间戳 -->
	<timestamp>20220815171710222</timestamp>
	<!-- 数据文件内容 -->
	<data>
		<!-- 境内医疗器械生产企业基本信息-可存在多条 -->
		<item>
			<!-- 以下属性请参考接口文档-节点名为数据项短名 -->
			<TYSHXYDM>xxxxxxxxxxxxxx1011</TYSHXYDM>
			<QYMC>大有医疗器械有限公司</QYMC>
			<QYLX>有限责任公司</QYLX>
			<ZSDZ>河南省郑州市</ZSDZ>
			<ZSDZGJHDQ>156</ZSDZGJHDQ>
			<ZSDZSZXSZZQ>410000</ZSDZSZXSZZQ>
			<ZSDZSQZZZM>410100</ZSDZSQZZZM>
			<ZSDZXZZXXJS>410101</ZSDZXZZXXJS>
			<ZSDZXZJDBSC>经开区</ZSDZXZJDBSC>
			<ZSDZCJLLD>第二大街</ZSDZCJLLD>
			<ZSDZMPHM>100号</ZSDZMPHM>
			<FDDBR>张大有</FDDBR>
			<ZCZB>100万</ZCZB>
			<CLRQ>2020-12-10</CLRQ>
			<YYQX>2020年12月10日至20287年12月10日</YYQX>
			<JYFW>经营口罩、防护服等</JYFW>
			<DJJG>河南省市场监督管理局</DJJG>
			<GDDHHM>0371-1234567</GDDHHM>
			<CZHM>0371-1234567</CZHM>
			<DZXX>admin@dayou.com.cn</DZXX>
			<QYWZ>www.dayou.com</QYWZ>
			<LXR>刘还定</LXR>
			<LXDH>13601234567</LXDH>
		</item>
	</data>
</event>