<!-- 事件 data 内容 根节点 -->
<event>
	<!-- 请求方APPID -->
	<appId>test-appid</appId>
	<!-- 事件编号 -->
	<eventId>1012abcdefg1234567890</eventId>
	<!-- 数据集 -->
	<eventType>10</eventType>
	<!-- 数据子集 -->
	<subType>1012</subType>
	<!-- 时间戳 -->
	<timestamp>20220815171710222</timestamp>
	<!-- 数据文件内容 -->
	<data>
		<!-- 境内医疗器械生产许可证基本信息-可存在多条 -->
		<item>
			<!-- 以下属性请参考接口文档-节点名为数据项短名 -->
			<XKZBH>许可证001</XKZBH>
			<QYMC>大有医疗器械有限公司</QYMC>
			<TYSHXYDM>xxxxxxxxxxxxxx1011</TYSHXYDM>
			<SCDZ>河南省郑州市</SCDZ>
			<FDDBR>张大有</FDDBR>
			<QYFZR>刘还定</QYFZR>
			<YXQ>2020-12-10</YXQ>
			<SCFW>生产口罩、防护服等</SCFW>
			<FZJG>河南省市场监督管理局</FZJG>
			<FZRQ>2020-12-12</FZRQ>
		</item>
	</data>
</event>