<!-- 事件 data 内容 根节点 -->
<event>
	<!-- 请求方APPID -->
	<appId>test-appid</appId>
	<!-- 事件编号 -->
	<eventId>abcdefg1234567890</eventId>
	<!-- 数据集 -->
	<eventType>10</eventType>
	<!-- 数据子集 -->
	<subType>1014</subType>
	<!-- 时间戳 -->
	<timestamp>20220815171710222</timestamp>
	<!-- 数据文件内容 -->
	<data>
		<!-- 境内医疗器械委托生产备案凭证基本信息-可存在多条 -->
		<item>
			<!-- 以下属性请参考接口文档-节点名为数据项短名 -->
			<BAPZH>备案00012</BAPZH>
			<WTFQYMC>大有医疗器械有限公司</WTFQYMC>
			<WTFTYSHXYDM>xxxxxxxxxxxxxx1011</WTFTYSHXYDM>
			<WTFXKBAH>备案001</WTFXKBAH>
			<WTFZS>河南省郑州市</WTFZS>
			<WTFZSYB>410000</WTFZSYB>
			<WTFZSDH>03714511245</WTFZSDH>
			<WTFSCDZ>河南省郑州市</WTFSCDZ>
			<WTFSCDZYB>410000</WTFSCDZYB>
			<WTFSCDZDH>0371-4511243</WTFSCDZDH>
			<WTFFDDBR>张大有</WTFFDDBR>
			<WTFQYFZR>刘还定</WTFQYFZR>
			<WTFLXR>刘还定</WTFLXR>
			<STFQYMC>可信医用物资生产公司</STFQYMC>
			<STFTYSHXYDM>xxxxxxxxxxxxxx9876</STFTYSHXYDM>
			<STFXKBAH>备案012</STFXKBAH>
			<STFZS>河南省长垣市</STFZS>
			<STFZSYB>453400</STFZSYB>
			<STFZSDH>0373-2221445</STFZSDH>
			<STFSCDZ>河南省长垣市</STFSCDZ>
			<STFSCDZYB>453400</STFSCDZYB>
			<STFSCDZDH>0373-22214457</STFSCDZDH>
			<STFFDDBR>周来坤</STFFDDBR>
			<STFQYFZR>邢凤</STFQYFZR>
			<STFLXR>胡寇丁</STFLXR>
			<BABM>委托备案001</BABM>
			<BARQ>2022-12-17</BARQ>
			
			<!-- 委托生产产品信息（多条） -->
			<WTSCCPXXS>
				<WTSCCPXX>
					<CPMC>医用防护口罩</CPMC>
					<CPZCBAH>备案001</CPZCBAH>
					<WTQX>2024-01-01</WTQX>
				</WTSCCPXX>
				
				<WTSCCPXX>
					<CPMC>医用防护口罩</CPMC>
					<CPZCBAH>备案002</CPZCBAH>
					<WTQX>2025-02-01</WTQX>
				</WTSCCPXX>
			</WTSCCPXXS>
		</item>
	</data>
</event>