<!-- 事件 data 内容 根节点 -->
<event>
	<!-- 请求方APPID -->
	<appId>test-appid</appId>
	<!-- 事件编号 -->
	<eventId>abcdefg1234567890</eventId>
	<!-- 数据集 -->
	<eventType>10</eventType>
	<!-- 数据子集 -->
	<subType>1015</subType>
	<!-- 时间戳 -->
	<timestamp>20220815171710222</timestamp>
	<!-- 数据文件内容 -->
	<data>
		<!-- 医疗器械注册证（境内、进口）基本信息-可存在多条 -->
		<item>
			<!-- 以下属性请参考接口文档-节点名为数据项短名 -->
			<SFJK>0</SFJK>
			<ZCZBH>注册证005</ZCZBH>
			<ZCRMC>大有医疗器械有限公司</ZCRMC>
			<ZCRTYSHXYDM>xxxxxxxxxxxxxx1011</ZCRTYSHXYDM>
			<SCDZ>河南省郑州市</SCDZ>
			<DLRMC></DLRMC>
			<DLRTYSHXYDM></DLRTYSHXYDM>
			<DLRZS></DLRZS>
			<CPMC>医用防护口罩</CPMC>
			<GLLB>1</GLLB>
			<XHGG>FH9502，L码</XHGG>
			<JGJZC>无纺布、挂绳</JGJZC>
			<SYFW>供医疗工作环境下使用</SYFW>
			<CPZCTJJYXQ>有效期一年，常温保存</CPZCTJJYXQ>
			<QTNR>无</QTNR>
			<BZ>常温保存即可</BZ>
			<SPBM>河南省药品监督管理局</SPBM>
			<PZRQ>2022-05-18</PZRQ>
			<YXQZ>2025-12-10</YXQZ>
			<BGQK>无</BGQK>
		</item>
	</data>
</event>