<!-- 事件 data 内容 根节点 -->
<event>
	<!-- 请求方APPID -->
	<appId>test-appid</appId>
	<!-- 事件编号 -->
	<eventId>abcdefg1234567890</eventId>
	<!-- 数据集 -->
	<eventType>10</eventType>
	<!-- 数据子集 -->
	<subType>1016</subType>
	<!-- 时间戳 -->
	<timestamp>20220815171710222</timestamp>
	<!-- 数据文件内容 -->
	<data>
		<!-- 医疗器械备案信息（境内、进口）基本信息-可存在多条 -->
		<item>
			<!-- 以下属性请参考接口文档-节点名为数据项短名 -->
			<SFJK>0</SFJK>
			<BAH>备案001</BAH>
			<BARMC>大有医疗器械有限公司</BARMC>
			<BARTYSHXYDM>xxxxxxxxxxxxxx1011</BARTYSHXYDM>
			<BARZCDZ>河南省郑州市</BARZCDZ>
			<SCDZ>河南省郑州市</SCDZ>
			<DLRMC></DLRMC>
			<DLRTYSHXYDM></DLRTYSHXYDM>
			<DLRZSDZ></DLRZSDZ>
			<CPMC>医用防护口罩</CPMC>
			<XHGG>FH9502，L码</XHGG>
			<CPMS>供医疗工作环境下，过滤空气中的颗粒物、阻隔飞沫、血液、体液、分泌物等用。</CPMS>
			<YQYT>医疗防护</YQYT>
			<CPZCTJJYXQ>有效期一年，常温保存</CPZCTJJYXQ>
			<BZ>无</BZ>
			<BADW>河南省药品监督管理局</BADW>
			<BARQ>2022-05-10</BARQ>
			<BGQK>无</BGQK>
		</item>
	</data>
</event>