<!-- 事件 data 内容 根节点 -->
<event>
	<!-- 请求方APPID -->
	<appId>test-appid</appId>
	<!-- 事件编号 -->
	<eventId>abcdefg1234567890</eventId>
	<!-- 数据集 -->
	<eventType>10</eventType>
	<!-- 数据子集 -->
	<subType>1023</subType>
	<!-- 时间戳 -->
	<timestamp>20220815171710222</timestamp>
	<!-- 数据文件内容 -->
	<data>
		<!-- 医疗器械经营备案凭证基本信息-可存在多条 -->
		<item>
			<!-- 以下属性请参考接口文档-节点名为数据项短名 -->
			<BABH>经营备案001</BABH>
			<QYMC>海棠医用物资批发有限公司</QYMC>
			<TYSHXYDM>xxxxxxxxxxxxxx1021</TYSHXYDM>
			<ZS>河南省郑州市</ZS>
			<FDDBR>周凯</FDDBR>
			<QYFZR>彭来写</QYFZR>
			<JYCS>室内</JYCS>
			<JYFS>批发</JYFS>
			<KFDZ>河南省郑州市二七区</KFDZ>
			<JYFW>经营医疗器械物资批发</JYFW>
			<BABM>河南省市场监督管理局</BABM>
			<BARQ>2022-07-10</BARQ>
		</item>
	</data>
</event>