<!-- 事件 data 内容 根节点 -->
<event>
	<!-- 请求方APPID -->
	<appId>test-appid</appId>
	<!-- 事件编号 -->
	<eventId>abcdefg1234567890</eventId>
	<!-- 数据集 -->
	<eventType>10</eventType>
	<!-- 数据子集 -->
	<subType>1024</subType>
	<!-- 时间戳 -->
	<timestamp>20220815171710222</timestamp>
	<!-- 数据文件内容 -->
	<data>
		<!-- 医疗器械配送企业基本信息-可存在多条 -->
		<item>
			<!-- 以下属性请参考接口文档-节点名为数据项短名 -->
			<TYSHXYDM>xxxxxxxxxxxxxx1021</TYSHXYDM>
			<QYMC>海棠医用物资批发有限公司</QYMC>
			<QYLX>有限公司</QYLX>
			<ZSDZ>河南省郑州市</ZSDZ>
			<ZSDZGJHDQ>156</ZSDZGJHDQ>
			<ZSDZSZXSZZQ>410000</ZSDZSZXSZZQ>
			<ZSDZSQZZZM>410100</ZSDZSQZZZM>
			<ZSDZXZZXXJS>410102</ZSDZXZZXXJS>
			<ZSDZXZJDBSC>二七区</ZSDZXZJDBSC>
			<ZSDZCJLLD>淮河路</ZSDZCJLLD>
			<ZSDZMPHM>45号</ZSDZMPHM>
			<FDDBR>周凯</FDDBR>
			<ZCZB>50万</ZCZB>
			<CLRQ>2021-10-10</CLRQ>
			<YYQX>2021年10月10日至2027年12月10日</YYQX>
			<JYFW>医疗器械物资批发</JYFW>
			<DJJG>河南省市场监督管理局</DJJG>
			<GDDHHM>0371-4556743</GDDHHM>
			<CZHM>0371-4556743</CZHM>
			<DZXX>guanli@haitang.com</DZXX>
			<QYWZ>www.haitang.com</QYWZ>
			<LXR>彭来写</LXR>
			<LXDH>15845124524</LXDH>
		</item>
	</data>
</event>