<!-- 事件 data 内容 根节点 -->
<event>
	<!-- 请求方APPID -->
	<appId>test-appid</appId>
	<!-- 事件编号 -->
	<eventId>abcdefg1234567890</eventId>
	<!-- 数据集 -->
	<eventType>10</eventType>
	<!-- 数据子集 -->
	<subType>1025</subType>
	<!-- 时间戳 -->
	<timestamp>20220815171710222</timestamp>
	<!-- 数据文件内容 -->
	<data>
		<!-- 医疗器械使用单位基本信息-可存在多条 -->
		<item>
			<!-- 以下属性请参考接口文档-节点名为数据项短名 -->
			<TYSHXYDM>xxxxxxxxxxxxxx1025</TYSHXYDM>
			<QYMC>河南省中心医院</QYMC>
			<QYLX>医院</QYLX>
			<ZSDZ>河南省金水区</ZSDZ>
			<ZSDZGJHDQ>156</ZSDZGJHDQ>
			<ZSDZSZXSZZQ>410000</ZSDZSZXSZZQ>
			<ZSDZSQZZZM>410100</ZSDZSQZZZM>
			<ZSDZXZZXXJS>410103</ZSDZXZZXXJS>
			<ZSDZXZJDBSC>金水区</ZSDZXZJDBSC>
			<ZSDZCJLLD>北三环</ZSDZCJLLD>
			<ZSDZMPHM>78号</ZSDZMPHM>
			<FDDBR>宋佳宇</FDDBR>
			<ZCZB>500万</ZCZB>
			<CLRQ>2010-12-10</CLRQ>
			<YYQX>2025-01-01</YYQX>
			<JYFW>医疗</JYFW>
			<DJJG>河南省市场监督管理局</DJJG>
			<GDDHHM>0371-4512414</GDDHHM>
			<CZHM>0371-4512414</CZHM>
			<DZXX>admin@zxyy.com</DZXX>
			<DWWZ>www.hnzxyy.com</DWWZ>
			<LXR>王开理</LXR>
			<LXDH>0371-4547854</LXDH>
		</item>
	</data>
</event>