<!-- 事件 data 内容 根节点 -->
<event>
	<!-- 请求方APPID -->
	<appId>test-appid</appId>
	<!-- 事件编号 -->
	<eventId>abcdefg1234567890</eventId>
	<!-- 数据集 -->
	<eventType>20</eventType>
	<!-- 数据子集 -->
	<subType>2011</subType>
	<!-- 时间戳 -->
	<timestamp>20220815171710222</timestamp>
	<!-- 数据文件内容 -->
	<data>
		<!-- 医疗器械生产信息-以下属性请参考接口文档-节点名为数据项短名 -->
		<SCQYMC>大有医疗器械有限公司</SCQYMC>
		<SCQYTYSHXYDM>xxxxxxxxxxxxxx1011</SCQYTYSHXYDM>
		<SCDZ>河南省郑州市</SCDZ>
		<SCDH>SC202208220004</SCDH>
		<SCDRQ>2022-08-22</SCDRQ>

		<!-- 生产单医疗器械产品信息（列表） -->
		<YLQXXXS>
			<YLQXXX>
				<UDIDI>16973133332007</UDIDI>
				<TYMC>医用防护口罩</TYMC>
				<YWMC></YWMC>
				<SPMC>医用防护口罩</SPMC>
				<SCRQ>2022-08-22</SCRQ>
				<YXQJZRQ>2024-08-22</YXQJZRQ>
				<SCPH>20220822P</SCPH>
				<SCSL>100</SCSL>
				
				<!-- 医疗器械唯一标识信息（列表） -->
				<UDIPIXXS>
					<UDIPIXX>
						<UDIPI>(01)16973133332007(11)20220822(17)20240822(10)20220822P(21)4521452</UDIPI>
						<SYJUDIPI>(01)26973133332004(11)20220822(17)20240822(10)20220822P(21)311234</SYJUDIPI>
						<BZCJ>1</BZCJ>
						<BHZXXSBZDYSL>10</BHZXXSBZDYSL>
					</UDIPIXX>
					<UDIPIXX>
						<UDIPI>(01)16973133332007(11)20220822(17)20240822(10)20220822P(21)4521452</UDIPI>
						<SYJUDIPI>(01)26973133332004(11)20220822(17)20240822(10)20220822P(21)311234</SYJUDIPI>
						<BZCJ>1</BZCJ>
						<BHZXXSBZDYSL>10</BHZXXSBZDYSL>
					</UDIPIXX>
				</UDIPIXXS>
			</YLQXXX>

			<YLQXXX>
				<UDIDI>16973133332007</UDIDI>
				<TYMC>医用防护口罩</TYMC>
				<YWMC></YWMC>
				<SPMC>医用防护口罩</SPMC>
				<SCRQ>2022-08-22</SCRQ>
				<YXQJZRQ>2024-08-22</YXQJZRQ>
				<SCPH>20220822P</SCPH>
				<SCSL>10</SCSL>
				
				<!-- 医疗器械唯一标识信息（列表） -->
				<UDIPIXXS>
					<UDIPIXX>
						<UDIPI>(01)16973133332007(11)20220822(17)20240822(10)20220822P(21)4521452</UDIPI>
						<SYJUDIPI>(01)26973133332004(11)20220822(17)20240822(10)20220822P(21)311234</SYJUDIPI>
						<BZCJ>1</BZCJ>
						<BHZXXSBZDYSL>10</BHZXXSBZDYSL>
					</UDIPIXX>
					<UDIPIXX>
						<UDIPI>(01)16973133332007(11)20220822(17)20240822(10)20220822P(21)4521452</UDIPI>
						<SYJUDIPI>(01)26973133332004(11)20220822(17)20240822(10)20220822P(21)311234</SYJUDIPI>
						<BZCJ>1</BZCJ>
						<BHZXXSBZDYSL>10</BHZXXSBZDYSL>
					</UDIPIXX>
				</UDIPIXXS>
			</YLQXXX>
		</YLQXXXS>
	</data>
</event>