<!-- 事件 data 内容 根节点 -->
<event>
	<!-- 请求方APPID -->
	<appId>test-appid</appId>
	<!-- 事件编号 -->
	<eventId>abcdefg1234567890</eventId>
	<!-- 数据集 -->
	<eventType>20</eventType>
	<!-- 数据子集 -->
	<subType>2016</subType>
	<!-- 时间戳 -->
	<timestamp>20220815171710222</timestamp>
	<!-- 数据文件内容 -->
	<data>
		<!-- 医疗器械收货单-以下属性请参考接口文档-节点名为数据项短名 -->
		<SHDBH>SH20220824</SHDBH>
		<FHDBH>FH202208230124</FHDBH>
		<DHDBH>DH202208230124</DHDBH>
		<FHJGMC>大有医疗器械有限公司</FHJGMC>
		<FHJGTYSHXYDM>xxxxxxxxxxxxxx1011</FHJGTYSHXYDM>
		<FHDZ>河南省郑州市经开区</FHDZ>
		<SHJGMC>海棠医用物资批发有限公司</SHJGMC>
		<SHJGTYSHXYDM>xxxxxxxxxxxxxx1021</SHJGTYSHXYDM>
		<SHDZ>河南省郑州市二七区</SHDZ>
		<SHLX>01</SHLX>
		<SHR>丁天</SHR>
		<SHSJ>2022-08-24T10:20:00</SHSJ>
		<DJYZZT>1</DJYZZT>
		<DJYZRQ>2022-08-24</DJYZRQ>
		<DJYZWTGYY>验证通过</DJYZWTGYY>
		
		<!-- 收货单医疗器械产品信息（列表） -->
		<YLQXXXS>
			<YLQXXX>
				<UDIDI>16973133332007</UDIDI>
				<TYMC>医用防护口罩</TYMC>
				<YWMC></YWMC>
				<SPMC>医用防护口罩</SPMC>
				<SCRQ>2022-08-22</SCRQ>
				<YXQJZRQ>2024-08-22</YXQJZRQ>
				<SCPH>20220822P</SCPH>
				<YSHSL>10</YSHSL>
				<SJSHSL>10</SJSHSL>
				<USCID>xxxxxxxxxxxxxx1011</USCID>
				<QYMC>大有医疗器械有限公司</QYMC>
				
				<!-- 医疗器械唯一标识信息（列表） -->
				<UDIPIXXS>
					<UDIPIXX>
						<UDIPI>(01)16973133332007(11)20220822(17)20240822(10)20220822P(21)4521452</UDIPI>
						<SYJUDIPI>(01)26973133332004(11)20220822(17)20240822(10)20220822P(21)311234</SYJUDIPI>
						<BZCJ>1</BZCJ>
						<BHZXXSBZDYSL>10</BHZXXSBZDYSL>
					</UDIPIXX>
					
					<UDIPIXX>
						<UDIPI>(01)16973133332007(11)20220822(17)20240822(10)20220822P(21)4521456</UDIPI>
						<SYJUDIPI>(01)26973133332004(11)20220822(17)20240822(10)20220822P(21)311234</SYJUDIPI>
						<BZCJ>1</BZCJ>
						<BHZXXSBZDYSL>10</BHZXXSBZDYSL>
					</UDIPIXX>
				</UDIPIXXS>
			</YLQXXX>

			<YLQXXX>
				<UDIDI>16973133332007</UDIDI>
				<TYMC>医用防护口罩</TYMC>
				<YWMC></YWMC>
				<SPMC>医用防护口罩</SPMC>
				<SCRQ>2022-08-22</SCRQ>
				<YXQJZRQ>2024-08-22</YXQJZRQ>
				<SCPH>20220822P</SCPH>
				<YSHSL>10</YSHSL>
				<SJSHSL>10</SJSHSL>
				<USCID>xxxxxxxxxxxxxx1011</USCID>
				<QYMC>大有医疗器械有限公司</QYMC>
				
				<!-- 医疗器械唯一标识信息（列表） -->
				<UDIPIXXS>
					<UDIPIXX>
						<UDIPI>(01)16973133332007(11)20220822(17)20240822(10)20220822P(21)4521453</UDIPI>
						<SYJUDIPI>(01)26973133332004(11)20220822(17)20240822(10)20220822P(21)311233</SYJUDIPI>
						<BZCJ>1</BZCJ>
						<BHZXXSBZDYSL>10</BHZXXSBZDYSL>
					</UDIPIXX>
					
					<UDIPIXX>
						<UDIPI>(01)16973133332007(11)20220822(17)20240822(10)20220822P(21)4521453</UDIPI>
						<SYJUDIPI>(01)26973133332004(11)20220822(17)20240822(10)20220822P(21)311233</SYJUDIPI>
						<BZCJ>1</BZCJ>
						<BHZXXSBZDYSL>10</BHZXXSBZDYSL>
					</UDIPIXX>
				</UDIPIXXS>
			</YLQXXX>
		</YLQXXXS>
	</data>
</event>