<!-- 事件 data 内容 根节点 -->
<event>
	<!-- 请求方APPID -->
	<appId>test-appid</appId>
	<!-- 事件编号 -->
	<eventId>abcdefg1234567890</eventId>
	<!-- 数据集 -->
	<eventType>20</eventType>
	<!-- 数据子集 -->
	<subType>2017</subType>
	<!-- 时间戳 -->
	<timestamp>20220815171710222</timestamp>
	<!-- 数据文件内容 -->
	<data>
		<!-- 医疗器械使用信息-以下属性请参考接口文档-节点名为数据项短名 -->
		<SYDH>USE202208300005</SYDH>
		<SYDWMC>河南省中心医院</SYDWMC>
		<SYDWTYSHXYDM>xxxxxxxxxxxxxx1025</SYDWTYSHXYDM>
		
		<!-- 使用单详细信息-多条 -->
		<SYXXS>
			<SYXX>
				<SYSJ>2022-08-30T10:10:01</SYSJ>
				<SYRSFXX>410xxxxxxxxxxxxxxx</SYRSFXX>
				<SYRDHHM>1360xxxxxxx</SYRDHHM>
				<UDIPI>(01)16973133332007(11)20220822(17)20240822(10)20220822P(21)4521452</UDIPI>
				<SYJUDIPI>(01)26973133332004(11)20220822(17)20240822(10)20220822P(21)311234</SYJUDIPI>
				<BZCJ>1</BZCJ>
				<BHZXXSBZDYSL>10</BHZXXSBZDYSL>
				<UDIDI>16973133332007</UDIDI>
				<TYMC>医用防护口罩</TYMC>
				<YWMC></YWMC>
				<SPMC>医用防护口罩</SPMC>
				<SCRQ>2022-08-22</SCRQ>
				<YXQJZRQ>2024-08-22</YXQJZRQ>
				<SCPH>20220822P</SCPH>
				<USCID>xxxxxxxxxxxxxx1011</USCID>
				<QYMC>大有医疗器械有限公司</QYMC>
			</SYXX>
			
			<SYXX>
				<SYSJ>2022-08-24T12:10:01</SYSJ>
				<SYRSFXX>410xxxxxxxxxxxxxxx</SYRSFXX>
				<SYRDHHM>1360xxxxxxx</SYRDHHM>
				<UDIPI>(01)16973133332007(11)20220822(17)20240822(10)20220822P(21)4521453</UDIPI>
				<SYJUDIPI>(01)26973133332004(11)20220822(17)20240822(10)20220822P(21)311234</SYJUDIPI>
				<BZCJ>1</BZCJ>
				<BHZXXSBZDYSL>10</BHZXXSBZDYSL>
				<UDIDI>16973133332007</UDIDI>
				<TYMC>医用防护口罩</TYMC>
				<YWMC></YWMC>
				<SPMC>医用防护口罩</SPMC>
				<SCRQ>2022-08-22</SCRQ>
				<YXQJZRQ>2024-08-22</YXQJZRQ>
				<SCPH>20220822P</SCPH>
				<USCID>xxxxxxxxxxxxxx1011</USCID>
				<QYMC>大有医疗器械有限公司</QYMC>
			</SYXX>
		</SYXXS>
	</data>
</event>