<!-- 事件 data 内容 根节点 -->
<event>
	<!-- 请求方APPID -->
	<appId>test-appid</appId>
	<!-- 事件编号 -->
	<eventId>abcdefg1234567890</eventId>
	<!-- 数据集 -->
	<eventType>20</eventType>
	<!-- 数据子集 -->
	<subType>2021</subType>
	<!-- 时间戳 -->
	<timestamp>20220815171710222</timestamp>
	<!-- 数据文件内容 -->
	<data>
		<!-- 医疗器械零售信息-以下属性请参考接口文档-节点名为数据项短名 -->
		<LSJGMC>海棠大药房</LSJGMC>
		<LSJGTYSHXYDM>xxxxxxxxxxxxxx1099</LSJGTYSHXYDM>
		<LSSJ>2022-09-15T16:10:00</LSSJ>
		<LSDH>LS202209151610000123</LSDH>
		<GMRSFXX>410xxxxxxxxxxxxxxx</GMRSFXX>
		<GMRDHHM>1360xxxxxxx</GMRDHHM>
		<SFHLWDD>0</SFHLWDD>
		
		<!-- 零售单医疗器械产品信息（列表） -->
		<YLQXXXS>
			<YLQXXX>
				<UDIDI>16973133332007</UDIDI>
				<TYMC>医用防护口罩</TYMC>
				<YWMC></YWMC>
				<SPMC>医用防护口罩</SPMC>
				<SCRQ>2022-08-22</SCRQ>
				<YXQJZRQ>2024-08-22</YXQJZRQ>
				<SCPH>20220822P</SCPH>
				<LSSL>10</LSSL>
				<USCID>xxxxxxxxxxxxxx1011</USCID>
				<QYMC>大有医疗器械有限公司</QYMC>
				
				<!-- 医疗器械唯一标识信息（列表） -->
				<UDIPIXXS>
					<UDIPIXX>
						<UDIPI>(01)16973133332007(11)20220822(17)20240822(10)20220822P(21)4521452</UDIPI>
						<SYJUDIPI>(01)26973133332004(11)20220822(17)20240822(10)20220822P(21)311234</SYJUDIPI>
						<BZCJ>1</BZCJ>
						<BHZXXSBZDYSL>10</BHZXXSBZDYSL>
					</UDIPIXX>
					
					<UDIPIXX>
						<UDIPI>(01)16973133332007(11)20220822(17)20240822(10)20220822P(21)4521453</UDIPI>
						<SYJUDIPI>(01)26973133332004(11)20220822(17)20240822(10)20220822P(21)311234</SYJUDIPI>
						<BZCJ>1</BZCJ>
						<BHZXXSBZDYSL>10</BHZXXSBZDYSL>
					</UDIPIXX>
				</UDIPIXXS>
			</YLQXXX>

			<YLQXXX>
				<UDIDI>16973133332007</UDIDI>
				<TYMC>医用防护口罩</TYMC>
				<YWMC></YWMC>
				<SPMC>医用防护口罩</SPMC>
				<SCRQ>2022-08-22</SCRQ>
				<YXQJZRQ>2024-08-22</YXQJZRQ>
				<SCPH>20220822P</SCPH>
				<LSSL>10</LSSL>
				<USCID>xxxxxxxxxxxxxx1011</USCID>
				<QYMC>大有医疗器械有限公司</QYMC>
				
				<!-- 医疗器械唯一标识信息（列表） -->
				<UDIPIXXS>
					<UDIPIXX>
						<UDIPI>(01)16973133332007(11)20220822(17)20240822(10)20220822P(21)4521459</UDIPI>
						<SYJUDIPI>(01)26973133332004(11)20220822(17)20240822(10)20220822P(21)311239</SYJUDIPI>
						<BZCJ>1</BZCJ>
						<BHZXXSBZDYSL>10</BHZXXSBZDYSL>
					</UDIPIXX>
					
					<UDIPIXX>
						<UDIPI>(01)16973133332007(11)20220822(17)20240822(10)20220822P(21)4521458</UDIPI>
						<SYJUDIPI>(01)26973133332004(11)20220822(17)20240822(10)20220822P(21)311239</SYJUDIPI>
						<BZCJ>1</BZCJ>
						<BHZXXSBZDYSL>10</BHZXXSBZDYSL>
					</UDIPIXX>
				</UDIPIXXS>
			</YLQXXX>
		</YLQXXXS>
	</data>
</event>