<!-- 事件 data 内容 根节点 -->
<event>
	<!-- 请求方APPID -->
	<appId>test-appid</appId>
	<!-- 事件编号 -->
	<eventId>abcdefg1234567890</eventId>
	<!-- 数据集 -->
	<eventType>20</eventType>
	<!-- 数据子集 -->
	<subType>2051</subType>
	<!-- 时间戳 -->
	<timestamp>20220815171710222</timestamp>
	<!-- 数据文件内容 -->
	<data>
		<!-- 单据与存储设备关系信息-可存在多条 -->
		<item>
			<!-- 以下属性请参考接口文档-节点名为数据项短名 -->
			<TYSHXYDM>xxxxxxxxxxxxxx1011</TYSHXYDM>
			<QYMC>大有医疗器械有限公司</QYMC>
			<DJBH>SC202208220004</DJBH>
			<DJLX>1</DJLX>
			<CCSBBH>SB001</CCSBBH>
		</item>
	</data>
</event>