<!-- 事件 data 内容 根节点 -->
<event>
	<!-- 请求方APPID -->
	<appId>test-appid</appId>
	<!-- 事件编号 -->
	<eventId>abcdefg1234567890</eventId>
	<!-- 数据集 -->
	<eventType>20</eventType>
	<!-- 数据子集 -->
	<subType>2052</subType>
	<!-- 时间戳 -->
	<timestamp>20220815171710222</timestamp>
	<!-- 数据文件内容 -->
	<data>
		<!-- 存储设备温湿度信息-可存在多条 -->
		<item>
			<!-- 以下属性请参考接口文档-节点名为数据项短名 -->
			<TYSHXYDM>xxxxxxxxxxxxxx1011</TYSHXYDM>
			<QYMC>大有医疗器械有限公司</QYMC>
			<CCSBBH>LK002</CCSBBH>
			<CCSBMC>冷库002</CCSBMC>
			<CCSBLX>冷库</CCSBLX>
			<WSDXX>
				[
					{"collectionTime":"2022-10-29 23:10:08","temperature":"22.3~45","humidity":"50.0"},
					{"collectionTime":"2022-10-29 19:10:08","temperature":"22.3~45","humidity":"50.0"},
					{"collectionTime":"2022-10-30 19:10:08","temperature":"12.3~45","humidity":"50.0"}
				]
			</WSDXX>
		</item>
	</data>
</event>