<!-- 事件 data 内容 根节点 -->
<event>
	<!-- 请求方APPID -->
	<appId>QFBJ</appId>
	<!-- 事件编号 -->
	<eventId>2099abcdefg12345678900</eventId>
	<!-- 数据集 -->
	<eventType>20</eventType>
	<!-- 数据子集 -->
	<subType>2099</subType>
	<!-- 时间戳 -->
	<timestamp>20220815171710222</timestamp>
	<!-- 数据文件内容 -->
	<data>
		<!-- 撤销单信息 -->
		<item>
			<!-- 以下属性请参考接口文档-节点名为数据项短名 -->
			<YSDSJZJ>2015</YSDSJZJ>
			<YSDSJBH>2023120513431211048</YSDSJBH>
			<YSDGLJGID></YSDGLJGID>
			<YSDDJBH></YSDDJBH>
			<CXYY>撤销原因11</CXYY>
			<CXSJ>2022-08-23T10:10:00</CXSJ>
		</item>
		<item>
			<!-- 以下属性请参考接口文档-节点名为数据项短名 -->
			<YSDSJZJ>2015</YSDSJZJ>
			<YSDSJBH></YSDSJBH>
			<YSDGLJGID>916532013287394660</YSDGLJGID>
			<YSDDJBH>XS-2023-05-05-0246</YSDDJBH>
			<CXYY>撤销原因11</CXYY>
			<CXSJ>2022-08-23T10:10:00</CXSJ>
		</item>
	</data>
</event>